{
    "elapsed_time": 3497.1278775711544,
    "num_requests": 3000,
    "total_num_tokens": 6528000,
    "requests_per_second": 0.8578468117338556,
    "tokens_per_second": 1866.6746623328697
}